curve_num,model,n,n_unique_time,dynamic_range,rss,aic,bic,params,Species,Temp,Medium,PopBio_units
1,quadratic,28,28,0.2765217391304346,0.0009993448412369,-280.73722455365873,-276.7406110231331,"-0.0216595,0.000855754,-5.97887e-07",Chryseobacterium.balustinum,5,TSB,OD_595
2,logistic,28,28,0.5141574995634708,0.0026764493492178,-253.153124796866,-249.1565112663404,"0.566753,0.0398231,66.5736",Enterobacter.sp.,5,TSB,OD_595
3,logistic,28,28,0.5090797974506726,0.0153338344387814,-204.27714403024737,-200.28053049972172,"0.473379,0.0614085,89.5553",Pantoea.agglomerans.1,5,TSB,OD_595
4,cubic,30,30,0.5540876549676967,0.0468663632996271,-185.8495732881315,-180.2447837614829,"-0.220351,0.00581047,-1.30695e-05,8.16033e-09",Pantoea.agglomerans.2,5,TSB,OD_595
5,quadratic,28,28,0.0077946568884232,7.934760614898449e-05,-351.66855011655304,-347.6719365860274,"0.00372732,4.34227e-06,-1.27537e-08",Bacillus.pumilus,5,TSB,OD_595
6,cubic,28,28,0.3782991202346041,0.001231609826317,-272.8858548614675,-267.5570368207667,"0.00175103,0.000796349,4.83651e-07,-1.18483e-09",Clavibacter.michiganensis,5,TSB,OD_595
7,cubic,28,28,0.2727272727272727,0.0081228690859711,-220.06773812707883,-214.738920086378,"-0.0856332,0.00248039,-5.44859e-06,3.5774e-09",Pseudomonas.fluorescens.1,5,TSB,OD_595
8,logistic,28,28,0.1671554252199412,0.0015977316054837,-267.5984975482598,-263.60188401773416,"0.159628,0.016737,216.361",Pseudomonas.fluorescens.2,5,TSB,OD_595
9,quadratic,28,28,0.1108504398826975,0.0005149006536703,-299.3047505642086,-295.3081370336829,"0.0105506,0.000418513,-3.95561e-07",Acinetobacter.clacoaceticus.1,5,TSB,OD_595
10,quadratic,28,28,0.0985337243401758,0.0004803443671084,-301.2499301197931,-297.25331658926746,"0.00509266,0.000400941,-3.9034e-07",Acinetobacter.clacoaceticus.2,5,TSB,OD_595
11,logistic,28,28,0.2121739130434783,0.0021458040360919,-259.34047302034054,-255.3438594898149,"0.210503,0.0260217,137.706",Stenotrophomonas.maltophilia.1,5,TSB,OD_595
12,logistic,28,28,0.2521739130434784,0.0012320503066554,-274.8758425635516,-270.879229033026,"0.261172,0.0144317,200.846",Stenotrophomonas.maltophilia.2,5,TSB,OD_595
13,logistic,28,28,0.3443478260869571,0.0045023563423002,-238.59004913856745,-234.59343560804183,"0.380085,0.0243191,105.464",Klebsiella.pneumonia,5,TSB,OD_595
14,quadratic,28,28,0.0104347826086962,9.824291405230672e-05,-345.68761436468844,-341.6910008341628,"0.0157999,-5.67999e-05,7.93876e-08",Dickeya.zeae,5,TSB,OD_595
15,cubic,29,29,0.0365217391304353,6.582062655777241e-05,-368.88032063137007,-363.41113731142417,"0.00165833,4.12695e-05,-2.3053e-07,3.67327e-10",Pectobacterium.carotovorum.subsp..Carotovorum.Pcc2,5,TSB,OD_595
16,logistic,28,28,0.4347826086956521,0.0071922921129007,-225.47459654052528,-221.4779830099997,"0.412331,0.0369379,140.677",Pantoea.agglomerans..RDA.R.,5,TSB,OD_595
17,quadratic,28,28,0.0105073111216548,0.00013304569243,-337.1966285107625,-333.20001498023686,"0.00767403,-1.33062e-05,7.96627e-09",Dickeya.zeae..RDA.R.,5,TSB,OD_595
18,quadratic,28,28,0.0344278962578637,0.0002384709406759,-320.85709300338607,-316.86047947286045,"0.017467,0.000107488,-9.75797e-08",Acinetobacter.clacoaceticus..RDA.R.,5,TSB,OD_595
19,logistic,28,28,0.1486403716871953,0.0005055524458887,-299.8177719670915,-295.8211584365659,"0.157553,0.0122696,267.121",Stenotrophomonas.maltophilia..RDA.R.,5,TSB,OD_595
20,quadratic,28,28,0.0086956521739135,0.0001129589696413,-341.7793316447272,-337.78271811420154,"0.0141759,-4.98311e-05,7.20322e-08",Klebsiella.pneumonia..RDA.R.,5,TSB,OD_595
21,quadratic,28,28,0.0078564518414907,0.000124561629253,-339.04160489772266,-335.04499136719704,"-0.00215254,7.97972e-06,-9.27174e-09",Bacillus.pumilus..RDA.R.,5,TSB,OD_595
22,cubic,28,28,0.2964267008447998,0.0009688286031237,-279.6055658575414,-274.2767478168406,"0.0173727,0.000327034,1.07904e-06,-1.33368e-09",Clavibacter.michiganensis..RDA.R.,5,TSB,OD_595
23,cubic,21,21,0.2933333333333331,0.0019075325099295,-187.4358109786792,-183.2577212277855,"0.000796333,0.00357863,-1.18015e-05,1.17516e-08",Chryseobacterium.balustinum,15,TSB,OD_595
24,gompertz,29,29,0.8240000000000002,0.0274962833208871,-195.86900769653263,-191.7671202065732,"0.832011,0.141753,8.64144",Enterobacter.sp.,15,TSB,OD_595
25,cubic,27,23,0.701333333333334,0.1470216254433128,-132.75133634354538,-127.56798887952806,"0.0476784,0.0101628,-4.76982e-05,5.84246e-08",Pantoea.agglomerans.1,15,TSB,OD_595
26,cubic,27,26,0.794666666666667,0.4152028749361867,-104.72027200134374,-99.53692453732644,"0.0864424,0.00839421,-4.32729e-05,5.61401e-08",Pantoea.agglomerans.2,15,TSB,OD_595
27,cubic,22,22,0.1680000000000006,0.0014857308829698,-203.26359988978535,-198.89943007635213,"-0.0103751,0.00180279,-5.65611e-06,4.7023e-09",Bacillus.pumilus,15,TSB,OD_595
28,cubic,23,23,0.6576936104695921,0.0277133316996859,-146.5907259001684,-142.0487490364518,"-0.027403,0.00761197,-2.5191e-05,2.25251e-08",Clavibacter.michiganensis,15,TSB,OD_595
29,cubic,23,23,0.2944357197844495,0.0147173562050161,-161.14710607771863,-156.60512921400203,"-0.00707988,0.00388701,-1.61728e-05,1.84612e-08",Pseudomonas.fluorescens.1,15,TSB,OD_595
30,gompertz,23,23,0.2784603541185527,0.0046427482567801,-189.6826891677097,-186.27620651992223,"0.258352,0.0454149,26.3771",Pseudomonas.fluorescens.2,15,TSB,OD_595
31,logistic,21,21,0.1729822940723628,0.0113646818254839,-151.9571123716077,-148.82354505843745,"0.205017,0.0845085,18.1911",Acinetobacter.clacoaceticus.1,15,TSB,OD_595
32,cubic,25,25,0.2238460354118551,0.0097582960163736,-188.2128326788496,-183.3373293793768,"0.0349888,0.00276203,-1.27002e-05,1.52438e-08",Acinetobacter.clacoaceticus.2,15,TSB,OD_595
33,cubic,23,22,0.2537652637527333,0.0057457075873323,-182.7803177848368,-178.23834092112017,"0.0208157,0.00305016,-1.2154e-05,1.31621e-08",Stenotrophomonas.maltophilia.1,15,TSB,OD_595
34,cubic,23,23,0.3252438515024207,0.0058847062356618,-182.2305314771507,-177.6885546134341,"0.0042624,0.00419733,-1.68918e-05,1.81392e-08",Stenotrophomonas.maltophilia.2,15,TSB,OD_595
35,gompertz,32,31,0.7747229797793668,0.0340792339305531,-213.0336946763832,-208.63648696798404,"0.809102,0.143924,7.40836",Klebsiella.pneumonia,15,TSB,OD_595
36,cubic,25,25,0.6956340139062929,0.1458086154212546,-120.60840488352017,-115.73290158404735,"0.0323906,0.00971434,-4.21327e-05,4.87311e-08",Dickeya.zeae,15,TSB,OD_595
37,gompertz,23,23,0.6315078253605563,0.0820907639148131,-123.61475160379764,-120.2082689560102,"0.512565,0.157951,32.0223",Pectobacterium.carotovorum.subsp..Carotovorum.Pcc2,15,TSB,OD_595
38,cubic,23,23,0.6370482297732257,0.0767454982966686,-123.16335957842315,-118.62138271470656,"0.000712795,0.00927222,-4.18605e-05,4.99477e-08",Pantoea.agglomerans..RDA.R.,15,TSB,OD_595
39,cubic,23,22,0.7422694380292526,0.0403831670931413,-137.93123841623589,-133.3892615525193,"0.0212008,0.0104726,-4.42105e-05,4.98551e-08",Dickeya.zeae..RDA.R.,15,TSB,OD_595
40,cubic,21,21,0.1392578906851418,0.0044350672423195,-169.71743372568554,-165.53934397479185,"0.0317005,0.00183227,-7.80703e-06,8.93974e-09",Acinetobacter.clacoaceticus..RDA.R.,15,TSB,OD_595
41,logistic,22,22,0.2222324865280994,0.0034787199738609,-186.5469332560604,-183.27380589598545,"0.208677,0.0804153,58.2419",Stenotrophomonas.maltophilia..RDA.R.,15,TSB,OD_595
42,gompertz,32,29,0.7582817551963055,0.0176220727074406,-234.13884590075804,-229.7416381923589,"0.741582,0.138443,7.66708",Klebsiella.pneumonia..RDA.R.,15,TSB,OD_595
43,quadratic,21,21,0.2158214010777518,0.000497856849184,-217.64412863987795,-214.5105613267077,"-0.0148332,0.00121357,-1.57438e-06",Bacillus.pumilus..RDA.R.,15,TSB,OD_595
44,cubic,23,23,0.5290962278675901,0.0211478813616639,-152.80932462862364,-148.26734776490704,"-0.0408467,0.00663609,-2.37487e-05,2.24275e-08",Clavibacter.michiganensis..RDA.R.,15,TSB,OD_595
45,quadratic,12,12,0.3430851063829788,0.0023640360657425,-96.3874988772766,-94.9327789279126,"0.00076747,0.00426331,-1.4416e-05",Chryseobacterium.balustinum,25,TSB,OD_595
46,gompertz,17,17,0.9228723404255318,0.004786479509101,-132.9779486265533,-130.47830859438466,"0.974067,0.0234689,53.6465",Enterobacter.sp.,25,TSB,OD_595
47,cubic,15,15,0.7393617021276595,0.059580466919345,-74.9271654397436,-72.09496463533476,"-0.00596356,0.00426459,5.72871e-05,-3.70016e-07",Pantoea.agglomerans.1,25,TSB,OD_595
48,cubic,15,15,0.8510638297872338,0.2061327457295922,-56.30927683125407,-53.477076026845225,"-0.00483204,0.00414856,6.08002e-05,-4.37679e-07",Pantoea.agglomerans.2,25,TSB,OD_595
49,quadratic,14,14,0.2819148936170219,0.0004665807382342,-138.32791533935426,-136.41074335050848,"-0.00541131,0.00424141,-1.60995e-05",Bacillus.pumilus,25,TSB,OD_595
50,cubic,15,15,0.7811435656773347,0.0047616426123188,-112.82819177122164,-109.9959909668128,"-0.0201433,0.0225777,-0.000193114,4.22934e-07",Clavibacter.michiganensis,25,TSB,OD_595
51,cubic,13,13,0.2426820272157961,0.0009207107565034,-116.21908176909211,-113.95928433924598,"-0.00417803,0.00871477,-9.30705e-05,2.6513e-07",Pseudomonas.fluorescens.1,25,TSB,OD_595
52,gompertz,12,12,0.2948430200011509,0.0016896934784557,-100.41737747976188,-98.96265753039788,"0.294986,0.101126,12.1723",Pseudomonas.fluorescens.2,25,TSB,OD_595
53,cubic,13,13,0.1741821396993811,0.0022142245750096,-104.81143085213245,-102.5516334222863,"0.0235099,0.00885098,-0.00011955,4.1998e-07",Acinetobacter.clacoaceticus.1,25,TSB,OD_595
54,quadratic,14,14,0.3965386446512751,0.0374882241490474,-76.91900046679969,-75.00182847795391,"0.0255397,0.00700752,-4.91683e-05",Acinetobacter.clacoaceticus.2,25,TSB,OD_595
55,cubic,14,14,0.2234042553191493,0.0031873665331524,-109.42664599318354,-106.8704166747225,"0.0191333,0.00858372,-9.32863e-05,2.71802e-07",Stenotrophomonas.maltophilia.1,25,TSB,OD_595
56,gompertz,16,16,0.5478723404255316,0.0041810367352239,-125.9965562025116,-123.67879003579228,"0.521581,0.0734789,16.2919",Stenotrophomonas.maltophilia.2,25,TSB,OD_595
57,logistic,16,16,0.8909574468085106,0.0093284954941646,-113.15632406416522,-110.83855789744588,"0.911357,0.815194,4.8474",Klebsiella.pneumonia,25,TSB,OD_595
58,cubic,16,16,0.7792553191489361,0.0727152980556002,-78.3006753863111,-75.21032049735197,"-0.0505038,0.0403493,-0.000517809,1.80843e-06",Dickeya.zeae,25,TSB,OD_595
59,logistic,17,17,0.7074468085106383,0.035938926963159,-98.7055091739582,-96.20586914178956,"0.590427,0.32552,43.9476",Pectobacterium.carotovorum.subsp..Carotovorum.Pcc2,25,TSB,OD_595
60,cubic,16,16,0.6728723404255317,0.0517722370517983,-83.73583935820253,-80.6454844692434,"-0.0803592,0.0363045,-0.000491589,1.81062e-06",Pantoea.agglomerans..RDA.R.,25,TSB,OD_595
61,logistic,15,15,0.7798408488063656,0.0205444623399535,-92.89821071947028,-90.77406011616364,"0.732803,0.485749,9.09137",Dickeya.zeae..RDA.R.,25,TSB,OD_595
62,cubic,14,14,0.1299734748010616,0.0008984715720425,-127.1542194969134,-124.59799017845238,"0.0188889,0.00520562,-6.31909e-05,2.05186e-07",Acinetobacter.clacoaceticus..RDA.R.,25,TSB,OD_595
63,logistic,13,13,0.222811671087534,0.0017546282310162,-109.83581926988026,-108.14097119749565,"0.212334,0.23423,14.7438",Stenotrophomonas.maltophilia..RDA.R.,25,TSB,OD_595
64,logistic,16,16,0.8328912466843493,0.0065622075343279,-118.78427104791882,-116.46650488119948,"0.841465,0.650777,5.2348",Klebsiella.pneumonia..RDA.R.,25,TSB,OD_595
65,cubic,15,15,0.2970822281167112,0.0004736982210247,-147.44485456949727,-144.61265376508842,"0.000402268,0.00374737,-5.11712e-06,-4.56184e-08",Bacillus.pumilus..RDA.R.,25,TSB,OD_595
66,cubic,16,16,0.5570291777188325,0.0053163587203298,-120.15288613244388,-117.06253124348476,"-0.0230899,0.0180912,-0.000165559,3.68073e-07",Clavibacter.michiganensis..RDA.R.,25,TSB,OD_595
67,quadratic,15,15,0.3492952618713267,0.0040660993689307,-117.19681989281176,-115.07266928950514,"0.0206627,0.00617935,-3.05046e-05",Chryseobacterium.balustinum,35,TSB,OD_595
68,gompertz,17,17,0.9297394289280696,0.0110911082281557,-118.6920232365391,-116.19238320437046,"0.935022,0.478356,4.02751",Enterobacter.sp.,35,TSB,OD_595
69,cubic,16,16,0.7462630675612419,0.048329270243739,-84.83690583881061,-81.74655094985148,"-0.0722443,0.0407502,-0.000567175,2.1243e-06",Pantoea.agglomerans.1,35,TSB,OD_595
70,cubic,15,15,0.8519165756488267,0.1258485390298567,-63.71089551087351,-60.87869470646467,"-0.0547158,0.0425705,-0.000649935,2.57854e-06",Pantoea.agglomerans.2,35,TSB,OD_595
71,cubic,15,15,0.2856243823789463,0.0015436379965518,-129.72495271244742,-126.89275190803858,"-0.00848052,0.00837992,-7.9575e-05,2.3441e-07",Bacillus.pumilus,35,TSB,OD_595
72,gompertz,17,17,0.7647058823529411,0.0033854130464979,-138.8653759258258,-136.36573589365713,"0.745655,0.162756,8.37249",Clavibacter.michiganensis,35,TSB,OD_595
73,gompertz,17,17,0.1871657754010693,0.0006960706343731,-165.75563693134131,-163.25599689917266,"0.179946,0.145638,7.15645",Pseudomonas.fluorescens.1,35,TSB,OD_595
74,logistic,15,15,0.2486631016042776,0.0104186975048067,-103.08305176666376,-100.95890116335714,"0.224009,0.39955,6.9301",Pseudomonas.fluorescens.2,35,TSB,OD_595
75,cubic,16,16,0.4251336898395723,0.0206295717867708,-98.4578948988122,-95.36754000985307,"0.0497275,0.0116543,-0.000135557,5.17847e-07",Acinetobacter.clacoaceticus.1,35,TSB,OD_595
76,cubic,16,16,0.3529411764705881,0.0327358362536705,-91.06997781586249,-87.97962292690336,"0.0169735,0.0165871,-0.000210605,6.78583e-07",Acinetobacter.clacoaceticus.2,35,TSB,OD_595
77,cubic,15,15,0.2198391420911527,0.0012137867953096,-133.33090636789504,-130.4987055634862,"0.0238499,0.00954796,-0.000123035,4.47705e-07",Stenotrophomonas.maltophilia.1,35,TSB,OD_595
78,logistic,16,16,0.2064343163538869,0.0060124569689089,-120.18416836406188,-117.86640219734254,"0.164137,0.288687,7.19079",Stenotrophomonas.maltophilia.2,35,TSB,OD_595
79,logistic,18,18,0.9088471849865948,0.0016125645016205,-161.76542280574017,-159.0943075320517,"0.920462,1.67268,2.31438",Klebsiella.pneumonia,35,TSB,OD_595
80,cubic,18,18,0.8579088471849861,0.8233417593931135,-47.52560191412893,-43.964114882544266,"0.188211,0.0488273,-0.000819386,3.41994e-06",Dickeya.zeae,35,TSB,OD_595
81,cubic,16,16,0.3475935828877004,0.0319712039726625,-91.4481340705252,-88.35777918156609,"0.0173782,0.0164721,-0.000208656,6.70327e-07",Pectobacterium.carotovorum.subsp..Carotovorum.Pcc2,35,TSB,OD_595
82,cubic,17,17,0.6729222520107228,0.4237954862944532,-54.759199672883376,-51.42634629665851,"0.0795435,0.035894,-0.000603623,2.55658e-06",Pantoea.agglomerans..RDA.R.,35,TSB,OD_595
83,cubic,18,18,0.7887700534759353,0.7757199207744132,-48.59803915627504,-45.03655212469039,"0.200953,0.0441903,-0.00078377,3.34346e-06",Dickeya.zeae..RDA.R.,35,TSB,OD_595
84,logistic,15,15,0.1256684491978605,0.0028108037674206,-122.73502499117748,-120.61087438787084,"0.112987,0.46056,5.35265",Acinetobacter.clacoaceticus..RDA.R.,35,TSB,OD_595
85,logistic,15,15,0.1577540106951883,0.0034601991199397,-119.61719015332604,-117.49303955001942,"0.128945,0.276463,8.86609",Stenotrophomonas.maltophilia..RDA.R.,35,TSB,OD_595
86,logistic,18,18,0.8716577540106958,0.0036670798236064,-146.97716483874828,-144.3060495650598,"0.890669,1.2885,2.73006",Klebsiella.pneumonia..RDA.R.,35,TSB,OD_595
87,cubic,17,17,0.3716577540106953,0.0055060556060444,-128.59704199233747,-125.2641886161126,"0.00624277,0.0127151,-0.000142862,4.77748e-07",Bacillus.pumilus..RDA.R.,35,TSB,OD_595
88,logistic,17,17,0.6229946524064186,0.0187895458722892,-109.73035563432953,-107.23071560216088,"0.576672,0.344831,8.54982",Clavibacter.michiganensis..RDA.R.,35,TSB,OD_595
89,gompertz,11,11,19553.951576236384,12551332.362898584,159.42186320431352,160.61554902270865,"18931.4,0.00616503,393.908",Tetraselmis tetrahele,5,ESAW,N
90,gompertz,11,11,22128.60153242728,24535085.40043574,166.79491379007396,167.9885996084691,"20524.4,0.00480665,414.134",Tetraselmis tetrahele,5,ESAW,N
91,logistic,11,11,20616.22369369098,27520869.174739875,168.0581586922842,169.25184451067932,"21855.5,0.00636968,530.676",Tetraselmis tetrahele,5,ESAW,N
92,logistic,11,11,26760.16929502829,49060101.01119397,174.4172752121852,175.6109610305803,"23088.7,0.00782978,496.585",Tetraselmis tetrahele,5,ESAW,N
93,gompertz,9,9,20883.362627878178,17114497.104995195,136.1239068199984,136.71558055200703,"19312.3,0.00481203,379.842",Tetraselmis tetrahele,5,ESAW,N
94,logistic,11,11,19727.047877745284,8375103.613052343,154.97166607959073,156.16535189798586,"19690.4,0.0097121,327.045",Tetraselmis tetrahele,8,ESAW,N
95,gompertz,10,10,22761.9783204753,32110298.285240985,155.82102262509693,156.72877790407907,"22081.2,0.00665064,238.285",Tetraselmis tetrahele,8,ESAW,N
96,quadratic,11,11,23387.828183665275,47091817.22485803,173.96685993052708,175.1605457489222,"-165.575,30.0529,-0.00808656",Tetraselmis tetrahele,8,ESAW,N
97,logistic,11,11,20782.675857825296,25214754.76111337,167.09549076208148,168.2891765804766,"19299.4,0.0112054,346.072",Tetraselmis tetrahele,8,ESAW,N
98,gompertz,11,11,21574.396842885253,25276532.973034546,167.12240869983833,168.31609451823346,"20212,0.00645015,235.875",Tetraselmis tetrahele,8,ESAW,N
99,logistic,12,12,19639.15857574292,41997743.35304153,186.81863754392,188.273357493284,"18024.7,0.0349612,158.493",Tetraselmis tetrahele,16,ESAW,N
100,gompertz,12,12,19667.068931890142,60778820.85061012,191.2541435422875,192.70886349165147,"16394.1,0.356401,179.643",Tetraselmis tetrahele,16,ESAW,N
101,logistic,13,13,19328.02656807828,60838137.80745233,205.6641147721396,207.3589628445242,"17108.4,0.0365076,170.281",Tetraselmis tetrahele,16,ESAW,N
102,gompertz,13,13,21154.61834711776,45987099.5247795,202.02598746310136,203.720835535486,"18273.5,0.262683,196.575",Tetraselmis tetrahele,16,ESAW,N
103,gompertz,13,13,18285.7363329615,24337043.132182203,193.75329038504347,195.4481384574281,"17462.3,0.238762,175.583",Tetraselmis tetrahele,16,ESAW,N
104,quadratic,13,13,13297.41703085627,49920684.95504269,203.09295639181613,204.78780446420075,"3586.41,14.1801,-0.00465792",Tetraselmis tetrahele,25,ESAW,N
105,quadratic,13,13,12726.99770608412,34020746.31353004,198.1079124214037,199.8027604937884,"2977.39,10.9199,-0.00120592",Tetraselmis tetrahele,25,ESAW,N
106,quadratic,13,13,12806.62583540087,40474217.49672389,200.3659427694017,202.06079084178631,"3088.7,16.7389,-0.00817535",Tetraselmis tetrahele,25,ESAW,N
107,quadratic,15,14,13426.580385316822,23716252.116507094,220.1043136995176,222.22846430282425,"964.599,30.2394,-0.0196145",Tetraselmis tetrahele,25,ESAW,N
108,quadratic,12,12,14042.8177372843,37600900.599615,185.49158292483236,186.94630287419636,"3061.29,25.0178,-0.0164587",Tetraselmis tetrahele,25,ESAW,N
109,logistic,11,11,4954.91848526109,7713547.573914552,154.06652842557233,155.26021424396745,"3365.17,0.00930786,259.332",Tetraselmis tetrahele,32,ESAW,N
110,gompertz,11,11,5517.828620033862,14904337.03182806,161.31194284896998,162.5056286673651,"3607.17,0.333422,251.259",Tetraselmis tetrahele,32,ESAW,N
111,logistic,11,11,6648.331977217279,13134032.156060971,159.9210422336229,161.11472805201802,"4272.73,0.0465646,251.249",Tetraselmis tetrahele,32,ESAW,N
112,gompertz,12,12,4836.951426440126,5720355.462995418,162.89561826620937,164.35033821557337,"4076.89,0.0274964,283.308",Tetraselmis tetrahele,32,ESAW,N
113,logistic,12,12,6408.669108669065,14864713.499479484,174.3551290913332,175.8098490406972,"4176.81,0.0140261,354.846",Tetraselmis tetrahele,32,ESAW,N
114,logistic,9,9,822.1354552506992,19.4617013938872,12.941015333213745,13.532689065222405,"957.218,0.0225019,485.977",Staphylococcus spp.,2,Raw Chicken Breast,CFU
115,gompertz,8,8,299.9606930886938,502.8777567932075,39.12724456511707,39.36556919015658,"344.484,0.0091586,380.385",Staphylococcus spp.,4,Raw Chicken Breast,CFU
116,logistic,14,14,1490.5291705273933,111813.54535551538,131.79742923685046,133.71460122569624,"1375.41,0.0745059,211.444",Staphylococcus spp.,7,Raw Chicken Breast,CFU
117,gompertz,11,11,1665.03646135478,24324.50680620639,90.71478794755508,91.90847376595018,"1840.53,0.0373724,130.032",Staphylococcus spp.,10,Raw Chicken Breast,CFU
118,cubic,9,9,1149.5680760953503,9541.278928314392,70.69542413923404,71.48432244857891,"-33.9614,2.88287,-0.0979677,0.00131791",Staphylococcus spp.,15,Raw Chicken Breast,CFU
119,logistic,9,9,919.2124846267888,4312.736211806817,61.54892930630107,62.14060303830973,"1039.9,0.201205,44.8612",Staphylococcus spp.,20,Raw Chicken Breast,CFU
120,logistic,10,10,662.5867826960574,238.59009502224984,37.721619029088814,38.62937430807095,"880.786,0.0177436,518.412",Staphylococcus spp.,2,Salted Chicken Breast,CFU
121,logistic,6,6,457.8913680267672,7431.635733677058,48.73045078100854,48.10572918869271,"419.721,0.0318847,363.174",Staphylococcus spp.,4,Salted Chicken Breast,CFU
122,logistic,13,13,1599.26165033606,102498.20439471812,122.64446562398902,124.33931369637364,"1439.38,0.0517289,247.813",Staphylococcus spp.,7,Salted Chicken Breast,CFU
123,logistic,13,13,1952.6507594108,193633.8587360961,130.9140746260857,132.6089226984703,"1658.98,0.0724024,132.861",Staphylococcus spp.,10,Salted Chicken Breast,CFU
124,logistic,12,12,2220.424455536948,11365.5485421603,88.24122421502493,89.69594416438893,"2233.69,0.152466,88.989",Staphylococcus spp.,15,Salted Chicken Breast,CFU
125,logistic,9,9,2527.1717743614754,52973.2513408616,84.12286016504822,84.71453389705688,"4986.68,0.196984,61.5147",Staphylococcus spp.,20,Salted Chicken Breast,CFU
126,logistic,10,10,25.43820981247282,52.23545428592604,22.531763722218276,23.43951900120041,"21.3339,0.0335066,279.227",Staphylococcus spp.,2,Cooked Chicken Breast,CFU
127,gompertz,7,7,294.36837239795176,2091.972305423298,45.89966706401543,45.73739751118136,"262.586,0.235678,305.098",Staphylococcus spp.,4,Cooked Chicken Breast,CFU
128,gompertz,13,13,434.8581066322872,1086.8225066722234,63.538834976958185,65.2336830493428,"1168.66,0.00799465,381.082",Staphylococcus spp.,7,Cooked Chicken Breast,CFU
129,logistic,12,12,553.9146248404218,5410.227166327464,79.33367653499978,80.78839648436379,"1106.49,0.0281247,205.802",Staphylococcus spp.,10,Cooked Chicken Breast,CFU
130,logistic,11,11,1746.5997368005294,17583.95244646336,87.14531369425109,88.3389995126462,"2118.8,0.0736786,103.383",Staphylococcus spp.,15,Cooked Chicken Breast,CFU
131,logistic,9,9,2197.475518863995,6683.071719291384,65.49097579546697,66.08264952747562,"2819.4,0.202621,55.1324",Staphylococcus spp.,20,Cooked Chicken Breast,CFU
132,cubic,11,11,515.0088498633851,7394.214152997364,79.6161361229226,81.20771721411609,"101.955,-2.33896,0.0126025,-1.27983e-05",Pseudomonas spp.,2,Raw Chicken Breast,CFU
133,logistic,7,7,1393.3990919918508,53442.89861273744,68.58321228734444,68.42094273451038,"1353.37,0.0208905,337.044",Pseudomonas spp.,4,Raw Chicken Breast,CFU
134,logistic,10,10,654.2388484708506,72974.83268076622,94.95284809896128,95.8606033779434,"549.419,0.0538771,227.38",Pseudomonas spp.,7,Raw Chicken Breast,CFU
135,logistic,13,13,1916.3080190083012,81008.4912234487,119.58567870803252,121.28052678041716,"1803.1,0.0645406,134.633",Pseudomonas spp.,10,Raw Chicken Breast,CFU
136,gompertz,12,12,5348.371346912646,110876.33729516948,115.57516957245484,117.02988952181886,"5679.15,0.0715757,88.0298",Pseudomonas spp.,15,Raw Chicken Breast,CFU
137,logistic,9,9,4388.01517262566,17945.62408510649,74.38089302970573,74.97256676171439,"6359.62,0.13917,59.9389",Pseudomonas spp.,20,Raw Chicken Breast,CFU
138,gompertz,11,11,382.8496946187787,6659.8459177193945,76.46551990489954,77.65920572329465,"333.962,0.0120507,286.133",Pseudomonas spp.,2,Salted Chicken Breast,CFU
139,cubic,7,7,166.1889888867846,1505.486314226998,45.59672775815868,45.38036835437993,"68.7665,-1.54107,0.00901155,-1.13733e-05",Pseudomonas spp.,4,Salted Chicken Breast,CFU
140,logistic,11,11,231.80932014572247,1788.7588735656543,62.005202207058,63.19888802545311,"217.038,0.0615878,216.324",Pseudomonas spp.,7,Salted Chicken Breast,CFU
141,logistic,13,13,534.4850473723068,18671.877571605743,100.50771772328504,102.20256579566966,"432.667,0.072624,116.41",Pseudomonas spp.,10,Salted Chicken Breast,CFU
142,logistic,12,12,1081.7198377171949,4327.418306966811,76.65383711320234,78.10855706256635,"1300.05,0.0712787,99.8232",Pseudomonas spp.,15,Salted Chicken Breast,CFU
143,logistic,8,8,689.1139451895531,1714.1712627968973,48.93794777950191,49.17627240454142,"758.168,0.221071,48.4585",Pseudomonas spp.,20,Salted Chicken Breast,CFU
144,quadratic,10,10,2566.718216270368,267354.5234812279,107.93745766937576,108.84521294835788,"179.073,-3.28506,0.0110052",Pseudomonas spp.,2,Cooked Chicken Breast,CFU
145,logistic,6,6,1248.7920915171237,161867.628214629,67.21664820710436,66.59192661478852,"946.236,0.0531461,319.434",Pseudomonas spp.,4,Cooked Chicken Breast,CFU
146,cubic,13,13,910.0316440705848,8377.789996894737,92.0890710102627,94.34886844010884,"-5.6118,0.978379,-0.0165963,6.99787e-05",Pseudomonas spp.,7,Cooked Chicken Breast,CFU
147,logistic,11,11,3499.581052106564,939332.808267938,130.9053283609723,132.0990141793674,"3540.5,0.0492136,139.278",Pseudomonas spp.,10,Cooked Chicken Breast,CFU
148,logistic,12,12,6165.636984534724,1966369.795836128,150.08151609306938,151.5362360424334,"7056.69,0.0874271,89.83",Pseudomonas spp.,15,Cooked Chicken Breast,CFU
149,cubic,9,9,2795.798992803806,13258.804473409826,73.65673269766349,74.44563100700836,"-186.35,41.9739,-2.70133,0.0537877",Pseudomonas spp.,20,Cooked Chicken Breast,CFU
150,logistic,10,10,609.6413725735848,575.0876967500194,46.519374522609,47.427129801591136,"629.348,0.0250863,392.434",Aerobic Psychotropic.,2,Raw Chicken Breast,CFU
151,cubic,6,6,1394.0308191940476,66102.4250996657,63.84320746570789,63.01024534262011,"3414.93,-43.0738,0.161051,-0.00016902",Aerobic Psychotropic.,4,Raw Chicken Breast,CFU
152,logistic,13,13,2512.065164152584,2327693.230454684,163.24070632178115,164.93555439416576,"1237.98,0.0787056,220.12",Aerobic Psychotropic.,7,Raw Chicken Breast,CFU
153,logistic,12,12,465.9557102781816,20825.347849993468,95.50823424706346,96.96295419642746,"377.02,0.0653227,122.972",Aerobic Psychotropic.,10,Raw Chicken Breast,CFU
154,logistic,10,10,1486.3809522527267,1719.3846180876674,57.471366326132646,58.37912160511478,"1493.28,0.249259,70.2163",Aerobic Psychotropic.,15,Raw Chicken Breast,CFU
155,logistic,8,8,538.891622872397,1996.6224126840489,50.15816557267785,50.39649019771736,"542.008,0.905741,36.9149",Aerobic Psychotropic.,20,Raw Chicken Breast,CFU
156,gompertz,10,10,394.9383489899424,521.0237065490912,45.53210449737747,46.4398597763596,"522.609,0.00684067,396.186",Aerobic Psychotropic.,2,Salted Chicken Breast,CFU
157,logistic,6,6,495.7451687893523,464.3446071374472,32.0932049708299,31.468483378514065,"489.598,0.0404903,327.39",Aerobic Psychotropic.,4,Salted Chicken Breast,CFU
158,gompertz,14,14,1024.5924687398365,76818.79504917828,126.54206201495542,128.4592340038012,"1566.68,0.01287,275.96",Aerobic Psychotropic.,7,Salted Chicken Breast,CFU
159,logistic,12,12,679.0291449972682,49454.77947129264,105.88688802236156,107.34160797172558,"520.937,0.0677337,128.332",Aerobic Psychotropic.,10,Salted Chicken Breast,CFU
160,gompertz,9,9,342.8175274393725,43.47408215486649,20.174463335938132,20.766137067946797,"564.116,0.0310633,88.801",Aerobic Psychotropic.,15,Salted Chicken Breast,CFU
161,logistic,6,6,267.1978123572505,653.8929813207324,34.1471053902892,33.52238379797336,"272.787,0.475147,42.5028",Aerobic Psychotropic.,20,Salted Chicken Breast,CFU
162,cubic,9,9,2264.391688654413,7821.594834169027,68.90677260558164,69.69567091492651,"-88.174,2.31086,-0.0153153,3.01021e-05",Aerobic Psychotropic.,2,Cooked Chicken Breast,CFU
163,gompertz,7,7,2582.5510668579045,21557.595514018823,62.228013410970846,62.065743858136784,"2538.21,0.261657,392.326",Aerobic Psychotropic.,4,Cooked Chicken Breast,CFU
164,gompertz,13,13,1354.0453678552474,43757.2299519677,111.57901609730702,113.27386416969163,"1292.04,0.0311591,219.697",Aerobic Psychotropic.,7,Cooked Chicken Breast,CFU
165,gompertz,12,12,1118.1569127041637,22360.079407540397,96.36150994555028,97.81622989491429,"1485.13,0.0201143,148.266",Aerobic Psychotropic.,10,Cooked Chicken Breast,CFU
166,logistic,9,9,1321.6181759433268,2120.074462896811,55.157837223488414,55.74951095549707,"1328.91,0.209209,81.6821",Aerobic Psychotropic.,15,Cooked Chicken Breast,CFU
167,logistic,9,9,466.34019969459496,2050.123660061215,54.85587733462216,55.447551066630815,"456.827,2.62219,42.5015",Aerobic Psychotropic.,20,Cooked Chicken Breast,CFU
168,logistic,10,10,370.1513562914929,594.9748763610219,46.85934087056776,47.7670961495499,"384.158,0.0261842,392.241",Aerobic Mesophilic.,2,Raw Chicken Breast,CFU
169,logistic,14,14,2870.2627103975688,1950660.1529019668,171.8246951701575,173.74186715900328,"1810.46,0.0862074,226.076",Aerobic Mesophilic.,7,Raw Chicken Breast,CFU
170,logistic,7,7,473.3608030021211,6373.646204234006,53.69811786809689,53.535848315262825,"421.821,0.0392912,323.756",Aerobic Mesophilic.,4,Raw Chicken Breast,CFU
171,gompertz,10,10,818.2247785854327,12845.620778708204,77.58173143814092,78.48948671712306,"857.139,0.0402267,112.619",Aerobic Mesophilic.,10,Raw Chicken Breast,CFU
172,gompertz,9,9,1363.233186208626,41972.53375268344,82.02791532962279,82.61958906163144,"1441.92,0.0670462,64.3739",Aerobic Mesophilic.,15,Raw Chicken Breast,CFU
173,logistic,8,8,455.7491008438239,789.2955467081183,42.733594343527706,42.97191896856721,"474.999,0.338369,36.2078",Aerobic Mesophilic.,20,Raw Chicken Breast,CFU
174,logistic,10,10,396.4780814375644,51.69504236684112,22.427767915982187,23.335523194964324,"400.569,0.0335291,387.312",Aerobic Mesophilic.,2,Salted Chicken Breast,CFU
175,logistic,7,7,903.7992474058144,88.444587124744,23.755262508697115,23.592992955863053,"907.245,0.041741,329.494",Aerobic Mesophilic.,4,Salted Chicken Breast,CFU
176,gompertz,13,13,2088.643864623484,88588.72955143393,120.74853734596869,122.44338541835327,"3721.51,0.0148912,282.868",Aerobic Mesophilic.,7,Salted Chicken Breast,CFU
177,cubic,12,12,427.5511967620706,8760.353181938042,87.1170182108305,89.0566448099825,"293.248,-14.724,0.193991,-0.000610541",Aerobic Mesophilic.,10,Salted Chicken Breast,CFU
178,cubic,8,8,532.5898681498361,463.95509285882775,40.482769785846735,40.80053595256608,"23.1735,-1.0729,-0.0106342,0.000680234",Aerobic Mesophilic.,15,Salted Chicken Breast,CFU
179,logistic,8,8,423.9236733143055,380.763433337676,36.90189384582106,37.14021847086057,"484.144,0.289179,40.2854",Aerobic Mesophilic.,20,Salted Chicken Breast,CFU
180,logistic,9,9,770.3165594715854,25275.77013257675,77.46339242597884,78.0550661579875,"667.335,0.294259,384.43",Aerobic Mesophilic.,2,Cooked Chicken Breast,CFU
181,logistic,6,6,11798.389621144628,27578248.97084689,98.04467081996408,97.41994922764825,"8087.29,0.397018,361.871",Aerobic Mesophilic.,4,Cooked Chicken Breast,CFU
182,logistic,11,11,8258.173066361318,6667926.67438616,152.46416678686364,153.65785260525877,"6395.43,1.18124,244.031",Aerobic Mesophilic.,7,Cooked Chicken Breast,CFU
183,logistic,11,11,3565.3678241919883,1987163.89726058,139.14756103126797,140.3412468496631,"2483.78,0.198286,118.859",Aerobic Mesophilic.,10,Cooked Chicken Breast,CFU
184,logistic,9,9,3916.197191615071,1333.8635119861297,50.98749296146666,51.57916669347532,"4206.74,0.11174,81.6418",Aerobic Mesophilic.,15,Cooked Chicken Breast,CFU
185,logistic,10,10,1456.134141795412,74.27097368880031,26.05135118723753,26.959106466219662,"1494.98,0.326953,38.7058",Aerobic Mesophilic.,20,Cooked Chicken Breast,CFU
186,quadratic,7,7,16877.039392171493,3761489.123046869,98.36090731888874,98.19863776605467,"195.42,-835.555,585.71",Spoilage,8,Vacuum Beef Striploins,N
187,cubic,6,6,514.7892723216077,2176.7325157531254,43.36292429706178,42.529962173974,"-18.1765,64.1935,-22.8257,4.57753",Escherichia coli,8,Vacuum Beef Striploins,N
188,cubic,7,7,85.9740238244398,24.150591275358742,16.66879099936683,16.452431595588084,"53.4547,3.32803,-7.8398,1.52002",Salmonella Typhimurium,8,Vacuum Beef Striploins,N
189,logistic,6,6,13521.362097869956,378665.2706667584,72.31589060244478,71.69116901012895,"16613.5,1.13337,3.63948",Spoilage,10,Vacuum Beef Striploins,N
190,gompertz,6,6,2738.8997170506486,183451.3465145176,67.96767180289318,67.34295021057734,"3340.29,0.673939,2.78802",Escherichia coli,10,Vacuum Beef Striploins,N
191,cubic,6,6,336.3383167941828,173.12940925373428,28.173679256017135,27.34071713292936,"47.1147,-4.80332,2.73697,2.31686",Salmonella Typhimurium,10,Vacuum Beef Striploins,N
192,logistic,9,9,13623.150720911872,988339.0233069456,110.4590083337998,111.05068206580846,"14853,0.692924,7.85048",Spoilage,10,C02 Beef Striploins,N
193,cubic,9,9,2005.3464549670084,20218.095760980712,77.45397861309742,78.24287692244229,"66.6151,86.316,-29.4624,3.00884",Escherichia coli,10,C02 Beef Striploins,N
194,logistic,7,7,15193.489647905575,2917528.1199191203,96.58235992681678,96.42009037398272,"18237.7,2.11765,4.17752",Spoilage,12,Vacuum Beef Striploins,N
195,logistic,7,7,7525.477698740084,536870.4059936409,84.73321305983161,84.57094350699755,"8734.71,2.7173,4.29006",Escherichia coli,12,Vacuum Beef Striploins,N
196,cubic,6,6,1292.709813913668,13830.635734556718,54.457291532994695,53.62432940990691,"-85.8032,213.459,-84.6879,19.9123",Salmonella Typhimurium,12,Vacuum Beef Striploins,N
197,gompertz,7,7,12761.225300038946,3960443.980186852,98.7216958086972,98.55942625586312,"11928.3,10.3934,4.99451",Spoilage,12,C02 Beef Striploins,N
198,cubic,7,7,380.8255120912039,314.7766987281609,34.64167341822312,34.425314014444375,"-17.9201,71.3186,-23.1508,2.27972",Escherichia coli,12,C02 Beef Striploins,N
199,cubic,7,7,254.19583464843447,1641.7244356675708,46.20314613151938,45.98678672774064,"115.06,-79.7503,24.4315,-1.47347",Salmonella Typhimurium,12,C02 Beef Striploins,N
200,logistic,5,5,10243.284116941217,27102.55806208291,48.98972741706852,47.818041154370825,"20771.3,1.68743,3.7431",Spoilage,15,Vacuum Beef Striploins,N
201,logistic,5,5,9166.75878961449,15243.307884065856,46.11228973007111,44.94060346737341,"9820.73,2.19799,2.5277",Escherichia coli,15,Vacuum Beef Striploins,N
202,logistic,5,5,5431.228707154072,24676.564576624147,48.52085678609038,47.34917052339268,"5506.81,4.65904,2.10849",Salmonella Typhimurium,15,Vacuum Beef Striploins,N
203,logistic,7,7,6754.5869998977305,493664.03614892735,84.14590228887485,83.98363273604079,"13422.7,1.37185,5.80499",Spoilage,15,C02 Beef Striploins,N
204,logistic,7,7,4256.258623296393,29235.85411299696,64.36068676588015,64.19841721304608,"8551.27,1.21196,5.80317",Escherichia coli,15,C02 Beef Striploins,N
205,cubic,7,7,2291.063347024397,11232.94105134392,59.66487029733344,59.4485108935547,"33.2237,71.7763,-39.3676,16.2585",Salmonella Typhimurium,15,C02 Beef Striploins,N
206,logistic,6,6,12863.606846870362,1734053.199276893,81.44527588028654,80.82055428797071,"16130.7,4.35307,1.47281",Spoilage,20,Vacuum Beef Striploins,N
207,logistic,6,6,14748.091475764875,51069.76464592722,60.29513065165568,59.670409059339846,"14921,6.14141,1.04139",Escherichia coli,20,Vacuum Beef Striploins,N
208,logistic,6,6,10912.324268065662,599021.0411169326,75.0677552059556,74.44303361363977,"11444.4,6.47248,1.2757",Salmonella Typhimurium,20,Vacuum Beef Striploins,N
209,cubic,6,6,4946.4284416389255,63347.46456440775,63.587784158354125,62.75482203526634,"169.885,1085.1,-2611.57,1956.31",Spoilage,20,C02 Beef Striploins,N
210,logistic,6,6,9385.466152378798,2767256.490067519,84.24964488798065,83.62492329566481,"10261.9,4.79891,1.11601",Escherichia coli,20,C02 Beef Striploins,N
211,gompertz,6,6,5561.205983195986,408873.520824333,72.7764100676041,72.15168847528827,"5387.65,116.194,1.19907",Salmonella Typhimurium,20,C02 Beef Striploins,N
212,quadratic,5,5,9705.311423584057,95570.76737125804,55.290921796047925,54.11923553335023,"-47.0728,151.609,6767.41",Spoilage,30,Vacuum Beef Striploins,N
213,logistic,6,6,10821.929720095568,2066065.8442571475,82.4963839759861,81.87166238367027,"9962.61,130.437,0.641877",Escherichia coli,30,Vacuum Beef Striploins,N
214,gompertz,6,6,5980.487813750675,27122.20065558576,56.49809048790996,55.873368895594126,"6155.46,6.54652,0.664423",Salmonella Typhimurium,30,Vacuum Beef Striploins,N
215,cubic,7,7,5479.344215784054,47417.06310785537,69.74579092519991,69.52943152142116,"26.5935,1882.77,-5108.1,4679.5",Spoilage,30,C02 Beef Striploins,N
216,cubic,7,7,8176.43368104524,266618.70800696564,81.83365295445101,81.61729355067226,"202.887,-6432.52,25618.1,-12315.3",Escherichia coli,30,C02 Beef Striploins,N
217,logistic,7,7,6530.604571595836,2009809.935684969,93.9734839700375,93.81121441720344,"5489.96,13.9783,0.709134",Salmonella Typhimurium,30,C02 Beef Striploins,N
218,cubic,6,6,462.6282664124244,4.04546657492023,5.6350245243028105,4.80206240121503,"0.741418,0.0071107,-3.49271e-06,4.77422e-10",Serratia marcescens,6,Pasteurised Skim Milk,N
219,cubic,7,7,406.78785915933736,1464.116937546471,45.40168192354544,45.18532251976669,"1.38566,-0.00130652,-1.38223e-06,2.66973e-10",Serratia marcescens,6,UHT Skim Milk,N
224,cubic,8,8,733.574309729187,1843.8263411974435,51.5212534635707,51.839019630290046,"-0.838129,0.0397042,-1.40349e-05,1.29748e-09",Serratia marcescens,6,Pasteurised Full-fat Milk,N
225,logistic,7,7,1031.722139343835,18.15253220656644,12.670299422062254,12.508029869228194,"1103.38,0.00203089,7923.26",Serratia marcescens,6,UHT Full-fat Milk,N
226,logistic,5,5,1224.8198808467448,2.6614120825679377,2.847094638062181,1.6754083753644822,"1249.57,0.00296157,2771.61",Serratia marcescens,10,Pasteurised Full-fat Milk,N
228,logistic,5,5,2351.12847604084,3.366907047435833,4.02278310212297,2.8510968394252707,"2352.13,0.00841159,1270.9",Serratia marcescens,15,Pasteurised Full-fat Milk,N
229,cubic,6,6,2354.6574279323045,3848.266798710152,46.78171204722896,45.948749924141175,"28.1791,-1.19691,0.00208113,-4.82892e-07",Serratia marcescens,15,UHT Full-fat Milk,N
230,logistic,5,5,584.7554074790115,100.93696726935129,21.02529161571044,19.85360535301274,"1180.82,0.00101557,8265.89",Serratia marcescens,6,Pasteurised Double Cream,N
231,logistic,8,8,603.41153735083,5240.740063424278,57.87821167312527,58.116536298164775,"639.307,0.00128006,8115.24",Serratia marcescens,6,UHT Double Cream,N
234,cubic,6,6,2053.2259064344003,33657.38782107497,59.79337034399009,58.96040822090231,"17.3789,-0.914555,0.00157441,-3.49893e-07",Serratia marcescens,15,Pasteurised Double Cream,N
235,cubic,6,6,2917.19262415093,37792.62081529257,60.48865806077448,59.65569593768669,"-0.690938,-1.74656,0.00368408,-9.42201e-07",Serratia marcescens,15,UHT Double Cream,N
236,gompertz,19,19,452.9647462891605,6357.800751341109,116.44697764750642,119.28029458500572,"627.392,0.00528281,374.977",Arthrobacter sp. 77,0,TGE agar,CFU
237,gompertz,13,13,590.2656295985004,24089.83498598153,103.8197465469501,105.51459461933472,"519.608,0.0144826,149.871",Arthrobacter sp. 77,7,TGE agar,CFU
238,gompertz,7,7,278.5524461150419,1638.264763810912,44.18837918534668,44.02610963251262,"269.655,0.0805153,36.6101",Arthrobacter sp. 77,20,TGE agar,CFU
239,gompertz,10,10,260.1173210434014,618.7134104407153,47.25057084499065,48.15832612397279,"255.696,0.0510183,53.2204",Arthrobacter sp. 77,30,TGE agar,CFU
240,cubic,17,17,0.0529776507789701,0.0018107881384112,-147.50250942813065,-144.16965605190578,"2.72682,-0.000339611,1.15864e-06,-1.00584e-09",Arthrobacter sp. 77,37,TGE agar,CFU
241,logistic,13,13,131.69051117654453,223.0043212078144,42.94914328851662,44.64399136090123,"141.72,0.019029,313.523",Arthrobacter sp. 88,0,TGE agar,CFU
242,gompertz,9,9,189.52975389465072,177.68558576613503,32.84511935082717,33.43679308283583,"194.101,0.0171094,106.867",Arthrobacter sp. 88,7,TGE agar,CFU
243,logistic,14,14,1305.5289898510366,339633.8983459651,147.35192704182978,149.26909903067556,"952.855,0.555156,47.682",Arthrobacter sp. 88,20,TGE agar,CFU
244,cubic,11,11,956.954135465175,18626.516258770636,89.77890794702932,91.3704890382228,"-141.354,2.56102,0.0542621,-0.000200527",Arthrobacter sp. 88,30,TGE agar,CFU
245,quadratic,16,16,0.0606083929988097,0.0025680974955182,-133.7948584091265,-131.47709224240717,"2.73497,0.00013935,-1.79088e-07",Arthrobacter sp. 88,37,TGE agar,CFU
246,logistic,18,18,520.752333638001,6834.970458329204,112.90984204443691,115.5809573181254,"922.821,0.0126018,577.357",Arthrobacter sp. 62,0,TGE agar,CFU
247,logistic,12,12,741.2541205748887,16971.86048954541,93.05286403757064,94.50758398693463,"712.779,0.0267206,221.512",Arthrobacter sp. 62,7,TGE agar,CFU
248,logistic,9,9,712.3570227397947,5929.942652022844,64.41490719407702,65.00658092608566,"671.317,0.234565,48.791",Arthrobacter sp. 62,20,TGE agar,CFU
249,quadratic,10,10,0.04157400195484,0.001717428227668,-80.69512416574534,-79.7873688867632,"2.7902,-0.000144072,2.51943e-07",Arthrobacter sp. 62,30,TGE agar,CFU
250,quadratic,16,16,0.0602262922846499,0.0020903421930744,-137.0882595184561,-134.77049335173675,"2.75238,-6.02485e-05,2.3515e-07",Arthrobacter sp. 62,37,TGE agar,CFU
251,logistic,17,17,241.30194328074936,744.3199076791398,70.24737889060326,72.7470189227719,"484.352,0.0167239,595.361",Arthrobacter aurescens,0,TGE agar,CFU
252,gompertz,11,11,643.610366647103,3199.2838707765204,68.40065700618537,69.59434282458048,"648.439,0.0194172,116.38",Arthrobacter aurescens,7,TGE agar,CFU
253,gompertz,8,8,292.6811943725769,2132.102054124979,50.6833768819898,50.92170150702931,"263.209,0.0574267,47.242",Arthrobacter aurescens,20,TGE agar,CFU
254,gompertz,5,5,643.5842867352153,452.8066619534616,28.530136635706945,27.35845037300924,"687.381,0.0514002,40.5957",Arthrobacter aurescens,30,TGE agar,CFU
255,logistic,8,8,43.59138040870407,19.68697607651545,13.204126100523151,13.442450725562658,"46.9449,0.0454018,133.39",Arthrobacter aurescens,37,TGE agar,CFU
256,gompertz,14,14,72.81258368531421,86.30976259663531,31.46439540432479,33.38156739317056,"95.0372,0.0234467,378.229",Arthrobacter citreus,0,TGE agar,CFU
257,gompertz,10,10,207.80854874214847,646.3545940445244,47.68763167383776,48.5953869528199,"200.425,0.0216174,155.426",Arthrobacter citreus,7,TGE agar,CFU
258,logistic,8,8,562.0752099014975,2669.105323255411,52.48045654910316,52.71878117414266,"549.513,0.0397635,105.116",Arthrobacter citreus,20,TGE agar,CFU
259,gompertz,9,9,205.15427212706248,943.8779972018918,47.87495106184326,48.46662479385192,"196.467,0.0390098,49.265",Arthrobacter citreus,30,TGE agar,CFU
260,logistic,9,9,506.00973929413766,10816.36802751229,69.82432121921957,70.41599495122823,"457.225,0.138913,68.9742",Arthrobacter citreus,37,TGE agar,CFU
261,quadratic,19,19,0.0338011242540798,0.0014649606078064,-173.9369521932976,-171.10363525579828,"2.7434,-3.79396e-05,7.01601e-08",Arthrobacter globiformis,0,TGE agar,CFU
262,gompertz,17,17,112.6567841240326,229.25805127331023,50.227793070869296,52.727433103037946,"130.795,0.00633443,218.567",Arthrobacter globiformis,7,TGE agar,CFU
263,cubic,8,8,144.5777029338711,251.3331711652129,35.57870313942843,35.89646930614777,"-9.62765,1.61424,-0.00727214,1.3512e-05",Arthrobacter globiformis,20,TGE agar,CFU
264,gompertz,8,8,197.61819952278915,337.7686789887178,35.94335790253556,36.18168252757506,"199.145,0.0242188,53.649",Arthrobacter globiformis,30,TGE agar,CFU
265,cubic,7,7,222.44282653865403,200.5198931429084,31.485023173079504,31.26866376930076,"0.659082,4.16963,-0.025828,5.30344e-05",Arthrobacter globiformis,37,TGE agar,CFU
266,quadratic,18,18,0.0480317994393497,0.0019121101305054,-158.6985532368802,-156.02743796319172,"2.74117,-2.73498e-05,1.1038e-07",Arthrobacter simplex,0,TGE agar,CFU
267,gompertz,14,14,313.8064118747112,1610.0059903517902,72.42910188700417,74.34627387584995,"332.032,0.0115691,331.791",Arthrobacter simplex,7,TGE agar,CFU
268,gompertz,7,7,386.3152075168939,3348.2668642722488,49.19201591559041,49.02974636275635,"417.741,0.0161386,98.0108",Arthrobacter simplex,20,TGE agar,CFU
269,cubic,8,8,370.7599279067979,967.5604367608274,46.36269078567503,46.68045695239437,"-10.7045,3.24356,-0.0147359,3.0205e-05",Arthrobacter simplex,30,TGE agar,CFU
270,gompertz,8,8,429.9416180828737,319.7586283817926,35.504999065519925,35.74332369055944,"422.974,0.0381488,47.7569",Arthrobacter simplex,37,TGE agar,CFU
271,logistic,10,10,717.5199362959595,63952.03511941139,93.63303537109576,94.5407906500779,"616.349,0.0429356,124.15",Lactobacillus plantarum,8,MRS broth,N
272,logistic,16,16,1971189300.7278392,8964651607221894.0,549.3516306805822,551.6693968473015,"2.01323e+09,0.0551393,269.921",Lactobacillus plantarum,12,MRS broth,N
273,gompertz,18,18,2119130580.5163813,1.0476632716622584e+18,700.8489986028001,703.5201138764886,"2.08228e+09,0.0636395,85.9492",Lactobacillus plantarum,16,MRS broth,N
274,gompertz,16,16,3546848924.9079823,3.768217948277143e+17,609.1673608895966,611.485127056316,"4.68384e+09,0.0689333,63.2299",Lactobacillus plantarum,20,MRS broth,N
275,gompertz,13,13,7701034596.229615,4.189435543299583e+18,530.083928239137,531.7787763115216,"1.98018e+10,0.102538,34.5391",Lactobacillus plantarum,30,MRS broth,N
276,logistic,9,9,108843.39280161852,1130940.64162838,111.672021239678,112.26369497168666,"217624,0.0249686,383.118",Weissella viridescens,4,MRS broth,N
277,gompertz,20,20,417077005.3895069,998989739222383.6,636.840666998434,639.827863819096,"5.51895e+08,0.0159525,261.762",Weissella viridescens,8,MRS broth,N
278,gompertz,14,14,953024795.1878546,8.183105864280144e+16,514.2612629758988,516.1784349647446,"2.67117e+09,0.0200628,128.019",Weissella viridescens,12,MRS broth,N
279,logistic,17,17,1720052540.3842113,4.539996326231344e+17,649.0022104748209,651.5018505069895,"1.36609e+09,0.187961,71.8291",Weissella viridescens,16,MRS broth,N
280,logistic,15,15,1727792554.735083,1.552340859360983e+17,559.1349060498043,561.2590566531109,"1.69778e+09,0.272929,35.0024",Weissella viridescens,20,MRS broth,N
281,logistic,13,13,1478475687.450505,1.5410614754668582e+17,487.1490927387188,488.8439408111034,"1.47916e+09,0.878056,19.0232",Weissella viridescens,30,MRS broth,N
282,logistic,9,9,50176.0512272645,27520013.66380638,140.39879541177902,140.99046914378766,"99893.6,0.0173782,339.597",Lactobacillus sakei,4,MRS broth,N
283,gompertz,19,19,201415164.59769377,508741517520235.75,593.4519218038192,596.2852387413186,"2.12212e+08,0.0161055,209.606",Lactobacillus sakei,8,MRS broth,N
284,logistic,13,13,938075139.1236762,2.6070620803406266e+17,493.98387522361617,495.6787232960008,"1.52788e+09,0.0443005,145.235",Lactobacillus sakei,12,MRS broth,N
285,gompertz,14,14,1716814217.1784277,2.6440344694001414e+17,530.6807329403663,532.5979049292121,"1.39301e+09,0.096766,54.2913",Lactobacillus sakei,16,MRS broth,N
286,logistic,12,12,1813783309.9173336,1.5474066734020813e+17,451.14744416267433,452.6021641120384,"1.83802e+09,0.374512,42.8482",Lactobacillus sakei,20,MRS broth,N
287,gompertz,11,11,2138812189.813423,6.520772561877834e+17,430.8314858491551,432.02517166755024,"1.52935e+09,0.663355,19.0022",Lactobacillus sakei,30,MRS broth,N
288,logistic,7,7,3.1549788968734,1.3645188461306317,-5.445757933652578,-5.608027486486638,"3.9433,0.00840921,137.585",Oscillatoria agardhii Strain 97,15,Z8,DryWeight
289,logistic,7,7,3.26440282387992,0.7560475799322194,-9.578927821940356,-9.741197374774416,"4.49446,0.00882057,162.453",Oscillatoria agardhii Strain 97,20,Z8,DryWeight
290,cubic,6,6,4.42791344296629,0.2326134535788431,-11.500820018922797,-12.333782142010577,"1.18681,-0.00591579,0.000114159,-1.81011e-07",Oscillatoria agardhii Strain 97,25,Z8,DryWeight
291,cubic,6,6,1.92827735176342,0.0236263704592425,-25.222907605936054,-26.05586972902384,"1.14514,0.00802724,1.15351e-05,-5.74118e-08",Oscillatoria agardhii Strain 97,30,Z8,DryWeight
292,logistic,7,7,2.0044001668943703,0.4095214283093729,-13.870733386906997,-14.033002939741056,"3.7699,0.00581535,32.1683",Oscillatoria agardhii StrainCYA 128,15,Z8,DryWeight
293,logistic,7,7,2.8107288978791303,1.4468914584215065,-5.035449009736302,-5.197718562570363,"4.3816,0.00676806,88.0226",Oscillatoria agardhii StrainCYA 128,20,Z8,DryWeight
294,logistic,7,7,3.78470658283676,0.2410715511279334,-17.580001521745686,-17.742271074579747,"6.69118,0.00577113,189.634",Oscillatoria agardhii StrainCYA 128,25,Z8,DryWeight
295,gompertz,7,7,3.5146508814657698,0.5599533517650026,-11.680683637382964,-11.842953190217024,"5.55058,0.00621598,26.3631",Oscillatoria agardhii StrainCYA 128,30,Z8,DryWeight
296,logistic,8,8,1032727.14726171,66223109197.41852,188.6948302306141,188.9331548556536,"1.03276e+06,1.50112,68.6185",Pseudomonas sp.,15,APT Broth,CFU
297,logistic,7,7,760530.3737560818,7934214993.794599,151.9397807517798,151.77751119894577,"1.5017e+06,0.0806438,93.2944",Pseudomonas sp.,12,APT Broth,CFU
299,logistic,5,5,1674078.8671314584,195055291634.09644,127.93555494862883,126.76386868593114,"1.36179e+06,0.605228,82.1796",Pseudomonas sp.,6,APT Broth,CFU
300,gompertz,5,5,2424461.01708232,261514715680.60785,129.4015924027359,128.22990614003822,"2.06286e+06,1.57129,182.608",Pseudomonas sp.,4,APT Broth,CFU
301,logistic,6,6,560069.4392832483,486302055.498947,115.2634861976975,114.63876460538168,"1.11844e+06,0.0221632,378.545",Pseudomonas sp.,2,APT Broth,CFU
302,gompertz,151,151,7071.253794323468,73125429.39015068,1982.6514417016149,1991.7032812120597,"4102.94,0.0108188,176.689",Lactobaciulus plantarum,10,MRS,N
303,logistic,88,87,25066.493625615647,438733817.3216345,1363.1418637909892,1370.5738742344238,"9143.36,0.178672,58.4263",Lactobaciulus plantarum,15,MRS,N
304,logistic,108,108,21269.93172104953,296059572.266138,1606.9855224376013,1615.031916118974,"12148,0.222915,33.5544",Lactobaciulus plantarum,20,MRS,N
305,gompertz,89,87,27149.55312920975,583705989.7852442,1402.968172590661,1410.4340816998574,"13013.1,0.255302,18.0497",Lactobaciulus plantarum,25,MRS,N
